-- phpMyAdmin SQL Dump
-- version 5.2.0
-- https://www.phpmyadmin.net/
--
-- Host: localhost
-- Generation Time: Feb 13, 2023 at 10:13 AM
-- Server version: 10.4.21-MariaDB
-- PHP Version: 8.1.6

SET SQL_MODE = "NO_AUTO_VALUE_ON_ZERO";
START TRANSACTION;
SET time_zone = "+00:00";


/*!40101 SET @OLD_CHARACTER_SET_CLIENT=@@CHARACTER_SET_CLIENT */;
/*!40101 SET @OLD_CHARACTER_SET_RESULTS=@@CHARACTER_SET_RESULTS */;
/*!40101 SET @OLD_COLLATION_CONNECTION=@@COLLATION_CONNECTION */;
/*!40101 SET NAMES utf8mb4 */;

--
-- Database: `db_kuisioner`
--

-- --------------------------------------------------------

--
-- Table structure for table `jawaban`
--

CREATE TABLE `jawaban` (
  `id` int(11) NOT NULL,
  `pertanyaan_id` int(11) NOT NULL,
  `jawaban` text NOT NULL,
  `skor` int(11) NOT NULL,
  `created_at` timestamp NULL DEFAULT NULL,
  `updated_at` timestamp NULL DEFAULT NULL
) ENGINE=InnoDB DEFAULT CHARSET=utf8mb4;

--
-- Dumping data for table `jawaban`
--

INSERT INTO `jawaban` (`id`, `pertanyaan_id`, `jawaban`, `skor`, `created_at`, `updated_at`) VALUES
(48, 17, 'Sangat Setuju', 5, '2023-01-30 06:41:09', '2023-01-30 06:41:09'),
(49, 17, 'Setuju', 4, '2023-01-30 06:42:30', '2023-01-30 06:42:30'),
(51, 17, 'Ragu', 3, '2023-01-30 06:43:05', '2023-01-30 06:43:05'),
(52, 17, 'Tidak Setuju', 2, '2023-01-30 06:43:11', '2023-01-30 06:43:11'),
(53, 17, 'Sangat Tidak Setuju', 1, '2023-01-30 06:43:18', '2023-01-30 06:43:18'),
(54, 20, 'Sangat Setuju', 5, '2023-01-30 07:05:26', '2023-01-30 07:05:26'),
(55, 20, 'Setuju', 4, '2023-01-30 07:05:32', '2023-01-30 07:05:32'),
(56, 20, 'Ragu', 3, '2023-01-30 07:05:37', '2023-01-30 07:05:37'),
(57, 20, 'Tidak Setuju', 2, '2023-01-30 07:05:53', '2023-01-30 07:05:53'),
(58, 20, 'Sangat Tidak Setuju', 1, '2023-01-30 07:06:01', '2023-01-30 07:06:01'),
(59, 21, 'Sangat Setuju', 5, '2023-01-30 07:07:00', '2023-01-30 07:07:00'),
(60, 21, 'Setuju', 4, '2023-01-30 07:07:08', '2023-01-30 07:07:08'),
(61, 21, 'Ragu', 3, '2023-01-30 07:07:15', '2023-01-30 07:07:15'),
(62, 21, 'Tidak Setuju', 2, '2023-01-30 07:07:20', '2023-01-30 07:07:20'),
(63, 21, 'Sangat Tidak Setuju', 1, '2023-01-30 07:07:27', '2023-01-30 07:07:27'),
(64, 22, 'Sangat Setuju', 5, '2023-01-30 07:09:33', '2023-01-30 07:09:33'),
(65, 22, 'Setuju', 4, '2023-01-30 07:09:56', '2023-01-30 07:09:56'),
(66, 22, 'Ragu', 3, '2023-01-30 07:10:03', '2023-01-30 07:10:03'),
(67, 22, 'Tidak Setuju', 2, '2023-01-30 07:10:10', '2023-01-30 07:10:10'),
(68, 22, 'Sangat Tidak Setuju', 1, '2023-01-30 07:10:20', '2023-01-30 07:10:20'),
(69, 23, 'Sangat Setuju', 5, '2023-01-30 07:13:18', '2023-01-30 07:13:18'),
(70, 23, 'Setuju', 4, '2023-01-30 07:13:24', '2023-01-30 07:13:24'),
(71, 23, 'Ragu', 3, '2023-01-30 07:13:29', '2023-01-30 07:13:29'),
(72, 23, 'Tidak Setuju', 2, '2023-01-30 07:13:36', '2023-01-30 07:13:36'),
(73, 23, 'Sangat Tidak Setuju', 1, '2023-01-30 07:13:43', '2023-01-30 07:13:43'),
(74, 24, 'Sangat Setuju', 5, '2023-01-30 07:16:01', '2023-01-30 07:16:01'),
(75, 24, 'Setuju', 4, '2023-01-30 07:16:07', '2023-01-30 07:16:07'),
(76, 24, 'Ragu', 3, '2023-01-30 07:16:12', '2023-01-30 07:16:12'),
(77, 24, 'Tidak Setuju', 2, '2023-01-30 07:16:20', '2023-01-30 07:16:20'),
(78, 24, 'Sangat Tidak Setuju', 1, '2023-01-30 07:16:28', '2023-01-30 07:16:28'),
(79, 25, 'Sangat Setuju', 5, '2023-01-30 07:16:44', '2023-01-30 07:16:44'),
(82, 25, 'Setuju', 4, '2023-01-30 07:17:12', '2023-01-30 07:17:12'),
(83, 25, 'Ragu', 3, '2023-01-30 07:17:18', '2023-01-30 07:17:18'),
(84, 25, 'Tidak Setuju', 2, '2023-01-30 07:17:26', '2023-01-30 07:17:26'),
(85, 25, 'Sangat Tidak Setuju', 1, '2023-01-30 07:17:34', '2023-01-30 07:17:34'),
(86, 26, 'Sangat Setuju', 5, '2023-01-30 07:17:55', '2023-01-30 07:17:55'),
(87, 26, 'Setuju', 4, '2023-01-30 07:18:00', '2023-01-30 07:18:00'),
(88, 26, 'Ragu', 3, '2023-01-30 07:18:05', '2023-01-30 07:18:05'),
(89, 26, 'Tidak Setuju', 2, '2023-01-30 07:18:13', '2023-01-30 07:18:13'),
(90, 26, 'Sangat Tidak Setuju', 1, '2023-01-30 07:18:22', '2023-01-30 07:18:22'),
(91, 27, 'Sangat Setuju', 5, '2023-01-30 07:18:45', '2023-01-30 07:18:45'),
(92, 27, 'Setuju', 4, '2023-01-30 07:18:51', '2023-01-30 07:18:51'),
(93, 27, 'Ragu', 3, '2023-01-30 07:19:01', '2023-01-30 07:19:01'),
(94, 27, 'Tidak Setuju', 2, '2023-01-30 07:19:08', '2023-01-30 07:19:08'),
(95, 27, 'Sangat Tidak Setuju', 1, '2023-01-30 07:19:16', '2023-01-30 07:19:16'),
(96, 28, 'Sangat Setuju', 5, '2023-01-30 07:19:31', '2023-01-30 07:19:31'),
(97, 28, 'Setuju', 4, '2023-01-30 07:19:36', '2023-01-30 07:19:36'),
(98, 28, 'Ragu', 3, '2023-01-30 07:19:40', '2023-01-30 07:19:40'),
(99, 28, 'Tidak Setuju', 2, '2023-01-30 07:19:46', '2023-01-30 07:19:46'),
(100, 28, 'Sangat Tidak Setuju', 1, '2023-01-30 07:19:54', '2023-01-30 07:19:54'),
(101, 29, 'Sangat Setuju', 5, '2023-01-30 07:20:40', '2023-01-30 07:20:40'),
(102, 29, 'Setuju', 4, '2023-01-30 07:20:45', '2023-01-30 07:20:45'),
(103, 29, 'Ragu', 3, '2023-01-30 07:20:51', '2023-01-30 07:20:51'),
(104, 29, 'Tidak Setuju', 2, '2023-01-30 07:20:57', '2023-01-30 07:20:57'),
(105, 29, 'Sangat Tidak Setuju', 1, '2023-01-30 07:21:06', '2023-01-30 07:21:06'),
(106, 30, 'Sangat Setuju', 5, '2023-01-30 07:21:20', '2023-01-30 07:21:20'),
(107, 30, 'Setuju', 4, '2023-01-30 07:21:26', '2023-01-30 07:21:26'),
(108, 30, 'Ragu', 3, '2023-01-30 07:21:30', '2023-01-30 07:21:30'),
(109, 30, 'Tidak Setuju', 2, '2023-01-30 07:21:36', '2023-01-30 07:21:36'),
(110, 30, 'Sangat Tidak Setuju', 1, '2023-01-30 07:21:42', '2023-01-30 07:21:42'),
(111, 31, 'Sangat Setuju', 5, '2023-01-30 07:21:54', '2023-01-30 07:21:54'),
(112, 31, 'Setuju', 4, '2023-01-30 07:22:01', '2023-01-30 07:22:01'),
(113, 31, 'Ragu', 3, '2023-01-30 07:22:06', '2023-01-30 07:22:06'),
(114, 31, 'Tidak Setuju', 2, '2023-01-30 07:22:12', '2023-01-30 07:22:12'),
(115, 31, 'Sangat Tidak Setuju', 1, '2023-01-30 07:22:18', '2023-01-30 07:22:18'),
(116, 32, 'Sangat Setuju', 5, '2023-01-30 07:22:33', '2023-01-30 07:22:33'),
(117, 32, 'Setuju', 4, '2023-01-30 07:22:39', '2023-01-30 07:22:39'),
(118, 32, 'Ragu', 3, '2023-01-30 07:22:46', '2023-01-30 07:22:46'),
(119, 32, 'Tidak Setuju', 2, '2023-01-30 07:22:52', '2023-01-30 07:22:52'),
(120, 32, 'Sangat Tidak Setuju', 1, '2023-01-30 07:23:00', '2023-01-30 07:23:00'),
(121, 33, 'Sangat Setuju', 5, '2023-01-30 07:23:15', '2023-01-30 07:23:15'),
(122, 33, 'Setuju', 4, '2023-01-30 07:23:20', '2023-01-30 07:23:20'),
(123, 33, 'Ragu', 3, '2023-01-30 07:23:24', '2023-01-30 07:23:24'),
(124, 33, 'Tidak Setuju', 2, '2023-01-30 07:23:29', '2023-01-30 07:23:29'),
(125, 33, 'Sangat Tidak Setuju', 1, '2023-01-30 07:23:37', '2023-01-30 07:23:37');

-- --------------------------------------------------------

--
-- Table structure for table `kategori`
--

CREATE TABLE `kategori` (
  `id` int(11) NOT NULL,
  `kategori` varchar(30) NOT NULL
) ENGINE=InnoDB DEFAULT CHARSET=utf8mb4;

--
-- Dumping data for table `kategori`
--

INSERT INTO `kategori` (`id`, `kategori`) VALUES
(1, 'Usability'),
(2, 'Information Quality'),
(3, 'Service Interaction Quality');

-- --------------------------------------------------------

--
-- Table structure for table `pengunjung`
--

CREATE TABLE `pengunjung` (
  `id` int(11) NOT NULL,
  `nama` varchar(100) NOT NULL,
  `email` varchar(100) NOT NULL,
  `umur` int(2) NOT NULL,
  `jk` varchar(20) NOT NULL,
  `pekerjaan` varchar(50) NOT NULL,
  `tanggal_survey` datetime NOT NULL,
  `created_at` timestamp NULL DEFAULT NULL,
  `updated_at` timestamp NULL DEFAULT NULL
) ENGINE=InnoDB DEFAULT CHARSET=utf8mb4;

--
-- Dumping data for table `pengunjung`
--

INSERT INTO `pengunjung` (`id`, `nama`, `email`, `umur`, `jk`, `pekerjaan`, `tanggal_survey`, `created_at`, `updated_at`) VALUES
(36, 'Adelia Regita Darmawan', 'adelia@gmail.com', 20, 'P', 'Mahasiswa', '2023-02-03 09:08:43', '2023-02-03 02:08:43', '2023-02-03 02:08:43'),
(37, 'Harapan bulele', 'harapan@gmail.com', 27, 'L', 'Staff', '2023-02-03 09:10:04', '2023-02-03 02:10:04', '2023-02-03 02:10:04'),
(38, 'Alfis hendriyan ', 'alfis@gmail.com', 20, 'L', 'Mahasiswa', '2023-02-03 09:11:20', '2023-02-03 02:11:20', '2023-02-03 02:11:20'),
(39, 'Novela Sri Enda ', 'novela@gmail.com', 22, 'P', 'Mahasiswa', '2023-02-03 09:12:45', '2023-02-03 02:12:45', '2023-02-03 02:12:45'),
(40, 'Nilam Sari ', 'nilam@gmail.com', 25, 'P', 'Pegawai Negeri Sipil', '2023-02-03 09:13:51', '2023-02-03 02:13:51', '2023-02-03 02:13:51'),
(41, 'Tiara Afrilia', 'tiara@gmail.com', 25, 'P', 'Pegawai Bank BRI', '2023-02-03 09:15:07', '2023-02-03 02:15:07', '2023-02-03 02:15:07'),
(42, 'Salsabila', 'salsabila@gmail.com', 26, 'P', 'Pegawai Bank BNI', '2023-02-03 09:16:22', '2023-02-03 02:16:22', '2023-02-03 02:16:22'),
(43, 'Henri irawan', 'henri@gmail.com', 24, 'L', 'Pegawai Kantoran', '2023-02-03 09:17:42', '2023-02-03 02:17:42', '2023-02-03 02:17:42'),
(44, 'Ancha', 'ancha@gmail.com', 31, 'L', 'Pegawai Swasta', '2023-02-03 09:18:57', '2023-02-03 02:18:57', '2023-02-03 02:18:57'),
(45, 'Febrianus', 'febrianus@gmail.com', 22, 'L', 'Mahasiswa', '2023-02-03 09:20:41', '2023-02-03 02:20:41', '2023-02-03 02:20:41'),
(46, 'Nia Vionita', 'nia@gmail.com', 32, 'P', 'Karyawan Swasta', '2023-02-03 09:27:51', '2023-02-03 02:27:51', '2023-02-03 02:27:51'),
(47, 'Doviltri mirsali', 'dovi@gmail.com', 23, 'L', 'Wiraswasta', '2023-02-03 09:29:34', '2023-02-03 02:29:34', '2023-02-03 02:29:34'),
(48, 'Irna', 'irna@gmail.com', 26, 'P', 'Asisten Manager', '2023-02-03 09:30:38', '2023-02-03 02:30:38', '2023-02-03 02:30:38'),
(49, 'Fernita syafitri', 'fernita@gmail.com', 26, 'P', 'Pegawai', '2023-02-03 09:31:43', '2023-02-03 02:31:43', '2023-02-03 02:31:43'),
(50, 'Rian', 'rian@gmail.com', 22, 'L', 'Karyawan Swasta', '2023-02-03 09:32:41', '2023-02-03 02:32:41', '2023-02-03 02:32:41'),
(51, 'Brian', 'brian@gmail.com', 22, 'L', 'Karyawan Swasta', '2023-02-03 09:33:35', '2023-02-03 02:33:35', '2023-02-03 02:33:35'),
(52, 'Tika', 'tika@gmail.com', 25, 'P', 'Pengacara', '2023-02-03 09:36:30', '2023-02-03 02:36:30', '2023-02-03 02:36:30'),
(53, 'Latifa nadila', 'latifa@gmail.com', 21, 'P', 'Pengangguran', '2023-02-03 09:38:03', '2023-02-03 02:38:03', '2023-02-03 02:38:03'),
(54, 'Elsandi ', 'elsandi@gmail.com', 17, 'P', 'Siswa', '2023-02-03 09:38:59', '2023-02-03 02:38:59', '2023-02-03 02:38:59'),
(55, 'Ezra Fernando ', 'ezra@gmail.com', 28, 'L', 'Pedagang', '2023-02-03 09:40:32', '2023-02-03 02:40:32', '2023-02-03 02:40:32'),
(56, 'Fandy wilson', 'fandy@gmail.com', 41, 'L', 'Nelayan', '2023-02-03 09:41:51', '2023-02-03 02:41:51', '2023-02-03 02:41:51'),
(57, 'Juliani cristin', 'juliani@gmail.com', 33, 'P', 'Guru', '2023-02-03 09:43:21', '2023-02-03 02:43:21', '2023-02-03 02:43:21'),
(58, 'Beti Maya Ramadhani', 'beti@gmail.com', 21, 'P', 'Mahasiswa', '2023-02-03 09:44:29', '2023-02-03 02:44:29', '2023-02-03 02:44:29'),
(59, 'Tri Yatman ', 'yatman@gmail.com', 23, 'L', 'Mahasiswa', '2023-02-03 09:46:01', '2023-02-03 02:46:01', '2023-02-03 02:46:01'),
(60, 'Dewi shinta', 'dewi@gmail.com', 21, 'P', 'Mahasiswa', '2023-02-03 09:47:13', '2023-02-03 02:47:13', '2023-02-03 02:47:13'),
(61, 'Mutiara Pratama ', 'mutiara@gmail.com', 22, 'P', 'Belum ada', '2023-02-03 09:48:20', '2023-02-03 02:48:20', '2023-02-03 02:48:20'),
(62, 'Nofriadi Dodi Sutapa', 'nofriadi@gmail.com', 25, 'L', 'Staff Admin Kantor Hukum', '2023-02-03 09:51:22', '2023-02-03 02:51:22', '2023-02-03 02:51:22'),
(63, 'Randi', 'randi@gmail.com', 25, 'L', 'Mahasiswa', '2023-02-03 09:52:25', '2023-02-03 02:52:25', '2023-02-03 02:52:25'),
(65, 'Adam Abdul Aziz', 'admin@gmail.com', 20, 'L', 'Mahasiswa', '2023-02-09 14:06:03', '2023-02-09 07:06:03', '2023-02-09 07:06:03');

-- --------------------------------------------------------

--
-- Table structure for table `perhitungan`
--

CREATE TABLE `perhitungan` (
  `id` int(11) NOT NULL,
  `pertanyaan_id` int(11) NOT NULL,
  `r_kepentingan` double DEFAULT NULL,
  `r_persetujuan` double DEFAULT NULL,
  `w_score` double DEFAULT NULL,
  `m_score` double DEFAULT NULL
) ENGINE=InnoDB DEFAULT CHARSET=utf8mb4;

--
-- Dumping data for table `perhitungan`
--

INSERT INTO `perhitungan` (`id`, `pertanyaan_id`, `r_kepentingan`, `r_persetujuan`, `w_score`, `m_score`) VALUES
(3, 17, 4.21, 4.21, 17.72, 21.05),
(4, 20, 3.97, 3.97, 15.76, 19.85),
(5, 21, 3.97, 3.97, 15.76, 19.85),
(6, 22, 4.14, 4.14, 17.14, 20.7),
(7, 23, 4.03, 4.03, 16.24, 20.15),
(8, 24, 4.07, 4.07, 16.56, 20.35),
(9, 25, 4, 4, 16, 20),
(10, 26, 3.97, 3.97, 15.76, 19.85),
(11, 27, 3.9, 3.9, 15.21, 19.5),
(12, 28, 4.07, 4.07, 16.56, 20.35),
(13, 29, 3.93, 3.93, 15.44, 19.65),
(14, 30, 3.86, 3.86, 14.9, 19.3),
(15, 31, 4.1, 4.1, 16.81, 20.5),
(19, 32, 3.83, 3.83, 14.67, 19.15),
(20, 33, 4.07, 4.07, 16.56, 20.35);

-- --------------------------------------------------------

--
-- Table structure for table `pertanyaan`
--

CREATE TABLE `pertanyaan` (
  `id` int(11) NOT NULL,
  `pertanyaan` text NOT NULL,
  `kategori_id` int(11) NOT NULL,
  `created_at` timestamp NULL DEFAULT NULL,
  `updated_at` timestamp NULL DEFAULT NULL
) ENGINE=InnoDB DEFAULT CHARSET=utf8mb4;

--
-- Dumping data for table `pertanyaan`
--

INSERT INTO `pertanyaan` (`id`, `pertanyaan`, `kategori_id`, `created_at`, `updated_at`) VALUES
(17, 'Website E-court mudah untuk dipelajari dan mudah untuk digunakan serta mudah dipahami', 1, '2023-01-30 06:31:09', '2023-01-30 06:44:16'),
(20, 'Website E-court jarang mengalami bug atau mengalami eror Ketika digunakan', 1, '2023-01-30 06:44:11', '2023-01-30 06:44:11'),
(21, 'Website E-court memberikan tampilan yang menarik', 1, '2023-01-30 06:44:37', '2023-01-30 06:44:37'),
(22, 'Website E-court dapat mempermudah setiap kegiatan yang dilakukan dalam pendaftaran perkara hukum', 1, '2023-01-30 06:45:21', '2023-01-30 06:45:21'),
(23, 'Semua fitur pada website E-court dapat dimanfaatkan dengan baik', 1, '2023-01-30 06:45:57', '2023-01-30 06:45:57'),
(24, 'Saat melakukan pembayaran panjar perkara melalui website sangat mudah dan efektif', 1, '2023-01-30 06:46:07', '2023-01-30 06:46:07'),
(25, 'Website E-court memiliki informasi yang jelas dan sesuai dengan yang dibutuhkan pengguna', 2, '2023-01-30 07:00:14', '2023-01-30 07:00:14'),
(26, 'Website E-court bisa memberikan pemberitahuan tentang perkara yang sedang dikerjakan', 2, '2023-01-30 07:00:25', '2023-01-30 07:00:25'),
(27, 'Pengelolaan informasi pada website sangat cepat sehingga perkara-perkara yang didaftarkan dapat diproses dengan cepat', 2, '2023-01-30 07:03:53', '2023-01-30 07:03:53'),
(28, 'Website E-court sudah memiliki kesesuaian dalam mempermudah pendaftaran perkara', 2, '2023-01-30 07:04:01', '2023-01-30 07:04:01'),
(29, 'Website E-court memiliki keamanan data pengguna yang baik', 3, '2023-01-30 07:04:10', '2023-01-30 07:04:10'),
(30, 'Ketika melakukan login pada website jarang terjadinya eror', 3, '2023-01-30 07:04:18', '2023-01-30 07:04:18'),
(31, 'Penggunaan website E-court dapat digunakan dimana saja dan kapan saja', 3, '2023-01-30 07:04:25', '2023-01-30 07:04:25'),
(32, 'Website E-court dapat melakukan penjadwalan langsung jika melakukan persidangan secara online', 3, '2023-01-30 07:04:33', '2023-01-30 07:04:33'),
(33, 'Pengguna dapat mengakses bukti fisik Ketika telah selesai melakukan persidangan', 3, '2023-01-30 07:04:40', '2023-01-30 07:04:40');

-- --------------------------------------------------------

--
-- Table structure for table `role`
--

CREATE TABLE `role` (
  `id` int(11) NOT NULL,
  `role` varchar(50) NOT NULL,
  `created_at` timestamp NULL DEFAULT NULL,
  `updated_at` timestamp NULL DEFAULT NULL
) ENGINE=InnoDB DEFAULT CHARSET=utf8mb4;

--
-- Dumping data for table `role`
--

INSERT INTO `role` (`id`, `role`, `created_at`, `updated_at`) VALUES
(1, 'Admin', '2023-01-11 08:11:01', '2023-01-11 08:11:01');

-- --------------------------------------------------------

--
-- Table structure for table `survey`
--

CREATE TABLE `survey` (
  `id` int(11) NOT NULL,
  `pengunjung_id` int(11) NOT NULL,
  `jawaban_id` int(11) NOT NULL,
  `created_at` timestamp NULL DEFAULT NULL,
  `updated_at` timestamp NULL DEFAULT NULL
) ENGINE=InnoDB DEFAULT CHARSET=utf8mb4;

--
-- Dumping data for table `survey`
--

INSERT INTO `survey` (`id`, `pengunjung_id`, `jawaban_id`, `created_at`, `updated_at`) VALUES
(430, 36, 49, '2023-02-03 02:08:43', '2023-02-03 02:08:43'),
(431, 36, 56, '2023-02-03 02:08:43', '2023-02-03 02:08:43'),
(432, 36, 60, '2023-02-03 02:08:43', '2023-02-03 02:08:43'),
(433, 36, 64, '2023-02-03 02:08:43', '2023-02-03 02:08:43'),
(434, 36, 70, '2023-02-03 02:08:43', '2023-02-03 02:08:43'),
(435, 36, 76, '2023-02-03 02:08:43', '2023-02-03 02:08:43'),
(436, 36, 79, '2023-02-03 02:08:43', '2023-02-03 02:08:43'),
(437, 36, 87, '2023-02-03 02:08:43', '2023-02-03 02:08:43'),
(438, 36, 92, '2023-02-03 02:08:43', '2023-02-03 02:08:43'),
(439, 36, 96, '2023-02-03 02:08:43', '2023-02-03 02:08:43'),
(440, 36, 102, '2023-02-03 02:08:43', '2023-02-03 02:08:43'),
(441, 36, 106, '2023-02-03 02:08:43', '2023-02-03 02:08:43'),
(442, 36, 112, '2023-02-03 02:08:43', '2023-02-03 02:08:43'),
(443, 36, 117, '2023-02-03 02:08:43', '2023-02-03 02:08:43'),
(444, 36, 121, '2023-02-03 02:08:43', '2023-02-03 02:08:43'),
(445, 37, 49, '2023-02-03 02:10:04', '2023-02-03 02:10:04'),
(446, 37, 55, '2023-02-03 02:10:04', '2023-02-03 02:10:04'),
(447, 37, 60, '2023-02-03 02:10:04', '2023-02-03 02:10:04'),
(448, 37, 65, '2023-02-03 02:10:04', '2023-02-03 02:10:04'),
(449, 37, 70, '2023-02-03 02:10:04', '2023-02-03 02:10:04'),
(450, 37, 75, '2023-02-03 02:10:04', '2023-02-03 02:10:04'),
(451, 37, 82, '2023-02-03 02:10:04', '2023-02-03 02:10:04'),
(452, 37, 87, '2023-02-03 02:10:04', '2023-02-03 02:10:04'),
(453, 37, 92, '2023-02-03 02:10:04', '2023-02-03 02:10:04'),
(454, 37, 97, '2023-02-03 02:10:04', '2023-02-03 02:10:04'),
(455, 37, 102, '2023-02-03 02:10:04', '2023-02-03 02:10:04'),
(456, 37, 107, '2023-02-03 02:10:04', '2023-02-03 02:10:04'),
(457, 37, 112, '2023-02-03 02:10:04', '2023-02-03 02:10:04'),
(458, 37, 117, '2023-02-03 02:10:04', '2023-02-03 02:10:04'),
(459, 37, 122, '2023-02-03 02:10:04', '2023-02-03 02:10:04'),
(460, 38, 49, '2023-02-03 02:11:20', '2023-02-03 02:11:20'),
(461, 38, 55, '2023-02-03 02:11:20', '2023-02-03 02:11:20'),
(462, 38, 61, '2023-02-03 02:11:20', '2023-02-03 02:11:20'),
(463, 38, 65, '2023-02-03 02:11:20', '2023-02-03 02:11:20'),
(464, 38, 71, '2023-02-03 02:11:20', '2023-02-03 02:11:20'),
(465, 38, 74, '2023-02-03 02:11:20', '2023-02-03 02:11:20'),
(466, 38, 83, '2023-02-03 02:11:20', '2023-02-03 02:11:20'),
(467, 38, 87, '2023-02-03 02:11:20', '2023-02-03 02:11:20'),
(468, 38, 93, '2023-02-03 02:11:20', '2023-02-03 02:11:20'),
(469, 38, 97, '2023-02-03 02:11:20', '2023-02-03 02:11:20'),
(470, 38, 102, '2023-02-03 02:11:20', '2023-02-03 02:11:20'),
(471, 38, 108, '2023-02-03 02:11:20', '2023-02-03 02:11:20'),
(472, 38, 112, '2023-02-03 02:11:20', '2023-02-03 02:11:20'),
(473, 38, 118, '2023-02-03 02:11:20', '2023-02-03 02:11:20'),
(474, 38, 121, '2023-02-03 02:11:20', '2023-02-03 02:11:20'),
(475, 39, 49, '2023-02-03 02:12:45', '2023-02-03 02:12:45'),
(476, 39, 55, '2023-02-03 02:12:45', '2023-02-03 02:12:45'),
(477, 39, 60, '2023-02-03 02:12:45', '2023-02-03 02:12:45'),
(478, 39, 65, '2023-02-03 02:12:45', '2023-02-03 02:12:45'),
(479, 39, 70, '2023-02-03 02:12:45', '2023-02-03 02:12:45'),
(480, 39, 75, '2023-02-03 02:12:45', '2023-02-03 02:12:45'),
(481, 39, 82, '2023-02-03 02:12:45', '2023-02-03 02:12:45'),
(482, 39, 88, '2023-02-03 02:12:45', '2023-02-03 02:12:45'),
(483, 39, 92, '2023-02-03 02:12:45', '2023-02-03 02:12:45'),
(484, 39, 97, '2023-02-03 02:12:45', '2023-02-03 02:12:45'),
(485, 39, 102, '2023-02-03 02:12:45', '2023-02-03 02:12:45'),
(486, 39, 108, '2023-02-03 02:12:45', '2023-02-03 02:12:45'),
(487, 39, 112, '2023-02-03 02:12:45', '2023-02-03 02:12:45'),
(488, 39, 117, '2023-02-03 02:12:45', '2023-02-03 02:12:45'),
(489, 39, 122, '2023-02-03 02:12:45', '2023-02-03 02:12:45'),
(490, 40, 48, '2023-02-03 02:13:51', '2023-02-03 02:13:51'),
(491, 40, 55, '2023-02-03 02:13:51', '2023-02-03 02:13:51'),
(492, 40, 60, '2023-02-03 02:13:51', '2023-02-03 02:13:51'),
(493, 40, 65, '2023-02-03 02:13:51', '2023-02-03 02:13:51'),
(494, 40, 70, '2023-02-03 02:13:51', '2023-02-03 02:13:51'),
(495, 40, 75, '2023-02-03 02:13:51', '2023-02-03 02:13:51'),
(496, 40, 82, '2023-02-03 02:13:51', '2023-02-03 02:13:51'),
(497, 40, 87, '2023-02-03 02:13:51', '2023-02-03 02:13:51'),
(498, 40, 92, '2023-02-03 02:13:51', '2023-02-03 02:13:51'),
(499, 40, 97, '2023-02-03 02:13:51', '2023-02-03 02:13:51'),
(500, 40, 102, '2023-02-03 02:13:51', '2023-02-03 02:13:51'),
(501, 40, 107, '2023-02-03 02:13:51', '2023-02-03 02:13:51'),
(502, 40, 112, '2023-02-03 02:13:51', '2023-02-03 02:13:51'),
(503, 40, 117, '2023-02-03 02:13:51', '2023-02-03 02:13:51'),
(504, 40, 122, '2023-02-03 02:13:51', '2023-02-03 02:13:51'),
(505, 41, 49, '2023-02-03 02:15:07', '2023-02-03 02:15:07'),
(506, 41, 55, '2023-02-03 02:15:07', '2023-02-03 02:15:07'),
(507, 41, 60, '2023-02-03 02:15:07', '2023-02-03 02:15:07'),
(508, 41, 65, '2023-02-03 02:15:07', '2023-02-03 02:15:07'),
(509, 41, 70, '2023-02-03 02:15:07', '2023-02-03 02:15:07'),
(510, 41, 75, '2023-02-03 02:15:07', '2023-02-03 02:15:07'),
(511, 41, 82, '2023-02-03 02:15:07', '2023-02-03 02:15:07'),
(512, 41, 87, '2023-02-03 02:15:07', '2023-02-03 02:15:07'),
(513, 41, 92, '2023-02-03 02:15:07', '2023-02-03 02:15:07'),
(514, 41, 97, '2023-02-03 02:15:07', '2023-02-03 02:15:07'),
(515, 41, 102, '2023-02-03 02:15:07', '2023-02-03 02:15:07'),
(516, 41, 107, '2023-02-03 02:15:07', '2023-02-03 02:15:07'),
(517, 41, 112, '2023-02-03 02:15:07', '2023-02-03 02:15:07'),
(518, 41, 117, '2023-02-03 02:15:07', '2023-02-03 02:15:07'),
(519, 41, 122, '2023-02-03 02:15:07', '2023-02-03 02:15:07'),
(520, 42, 49, '2023-02-03 02:16:22', '2023-02-03 02:16:22'),
(521, 42, 55, '2023-02-03 02:16:22', '2023-02-03 02:16:22'),
(522, 42, 60, '2023-02-03 02:16:22', '2023-02-03 02:16:22'),
(523, 42, 65, '2023-02-03 02:16:22', '2023-02-03 02:16:22'),
(524, 42, 70, '2023-02-03 02:16:22', '2023-02-03 02:16:22'),
(525, 42, 75, '2023-02-03 02:16:22', '2023-02-03 02:16:22'),
(526, 42, 82, '2023-02-03 02:16:22', '2023-02-03 02:16:22'),
(527, 42, 87, '2023-02-03 02:16:22', '2023-02-03 02:16:22'),
(528, 42, 92, '2023-02-03 02:16:22', '2023-02-03 02:16:22'),
(529, 42, 97, '2023-02-03 02:16:22', '2023-02-03 02:16:22'),
(530, 42, 102, '2023-02-03 02:16:22', '2023-02-03 02:16:22'),
(531, 42, 107, '2023-02-03 02:16:22', '2023-02-03 02:16:22'),
(532, 42, 112, '2023-02-03 02:16:22', '2023-02-03 02:16:22'),
(533, 42, 117, '2023-02-03 02:16:22', '2023-02-03 02:16:22'),
(534, 42, 122, '2023-02-03 02:16:22', '2023-02-03 02:16:22'),
(535, 43, 49, '2023-02-03 02:17:42', '2023-02-03 02:17:42'),
(536, 43, 55, '2023-02-03 02:17:42', '2023-02-03 02:17:42'),
(537, 43, 60, '2023-02-03 02:17:42', '2023-02-03 02:17:42'),
(538, 43, 65, '2023-02-03 02:17:42', '2023-02-03 02:17:42'),
(539, 43, 69, '2023-02-03 02:17:42', '2023-02-03 02:17:42'),
(540, 43, 75, '2023-02-03 02:17:42', '2023-02-03 02:17:42'),
(541, 43, 82, '2023-02-03 02:17:42', '2023-02-03 02:17:42'),
(542, 43, 87, '2023-02-03 02:17:42', '2023-02-03 02:17:42'),
(543, 43, 91, '2023-02-03 02:17:42', '2023-02-03 02:17:42'),
(544, 43, 96, '2023-02-03 02:17:42', '2023-02-03 02:17:42'),
(545, 43, 101, '2023-02-03 02:17:42', '2023-02-03 02:17:42'),
(546, 43, 106, '2023-02-03 02:17:42', '2023-02-03 02:17:42'),
(547, 43, 112, '2023-02-03 02:17:42', '2023-02-03 02:17:42'),
(548, 43, 118, '2023-02-03 02:17:42', '2023-02-03 02:17:42'),
(549, 43, 121, '2023-02-03 02:17:42', '2023-02-03 02:17:42'),
(550, 44, 49, '2023-02-03 02:18:57', '2023-02-03 02:18:57'),
(551, 44, 56, '2023-02-03 02:18:57', '2023-02-03 02:18:57'),
(552, 44, 60, '2023-02-03 02:18:57', '2023-02-03 02:18:57'),
(553, 44, 65, '2023-02-03 02:18:57', '2023-02-03 02:18:57'),
(554, 44, 70, '2023-02-03 02:18:57', '2023-02-03 02:18:57'),
(555, 44, 75, '2023-02-03 02:18:57', '2023-02-03 02:18:57'),
(556, 44, 82, '2023-02-03 02:18:57', '2023-02-03 02:18:57'),
(557, 44, 87, '2023-02-03 02:18:57', '2023-02-03 02:18:57'),
(558, 44, 92, '2023-02-03 02:18:57', '2023-02-03 02:18:57'),
(559, 44, 97, '2023-02-03 02:18:57', '2023-02-03 02:18:57'),
(560, 44, 102, '2023-02-03 02:18:57', '2023-02-03 02:18:57'),
(561, 44, 107, '2023-02-03 02:18:57', '2023-02-03 02:18:57'),
(562, 44, 112, '2023-02-03 02:18:57', '2023-02-03 02:18:57'),
(563, 44, 117, '2023-02-03 02:18:57', '2023-02-03 02:18:57'),
(564, 44, 122, '2023-02-03 02:18:57', '2023-02-03 02:18:57'),
(565, 45, 49, '2023-02-03 02:20:41', '2023-02-03 02:20:41'),
(566, 45, 55, '2023-02-03 02:20:41', '2023-02-03 02:20:41'),
(567, 45, 61, '2023-02-03 02:20:41', '2023-02-03 02:20:41'),
(568, 45, 65, '2023-02-03 02:20:41', '2023-02-03 02:20:41'),
(569, 45, 70, '2023-02-03 02:20:41', '2023-02-03 02:20:41'),
(570, 45, 75, '2023-02-03 02:20:41', '2023-02-03 02:20:41'),
(571, 45, 82, '2023-02-03 02:20:41', '2023-02-03 02:20:41'),
(572, 45, 87, '2023-02-03 02:20:41', '2023-02-03 02:20:41'),
(573, 45, 93, '2023-02-03 02:20:41', '2023-02-03 02:20:41'),
(574, 45, 97, '2023-02-03 02:20:41', '2023-02-03 02:20:41'),
(575, 45, 103, '2023-02-03 02:20:41', '2023-02-03 02:20:41'),
(576, 45, 108, '2023-02-03 02:20:41', '2023-02-03 02:20:41'),
(577, 45, 114, '2023-02-03 02:20:41', '2023-02-03 02:20:41'),
(578, 45, 116, '2023-02-03 02:20:41', '2023-02-03 02:20:41'),
(579, 45, 122, '2023-02-03 02:20:41', '2023-02-03 02:20:41'),
(580, 46, 49, '2023-02-03 02:27:51', '2023-02-03 02:27:51'),
(581, 46, 55, '2023-02-03 02:27:51', '2023-02-03 02:27:51'),
(582, 46, 59, '2023-02-03 02:27:51', '2023-02-03 02:27:51'),
(583, 46, 64, '2023-02-03 02:27:51', '2023-02-03 02:27:51'),
(584, 46, 70, '2023-02-03 02:27:51', '2023-02-03 02:27:51'),
(585, 46, 75, '2023-02-03 02:27:51', '2023-02-03 02:27:51'),
(586, 46, 82, '2023-02-03 02:27:51', '2023-02-03 02:27:51'),
(587, 46, 86, '2023-02-03 02:27:51', '2023-02-03 02:27:51'),
(588, 46, 92, '2023-02-03 02:27:51', '2023-02-03 02:27:51'),
(589, 46, 97, '2023-02-03 02:27:51', '2023-02-03 02:27:51'),
(590, 46, 101, '2023-02-03 02:27:51', '2023-02-03 02:27:51'),
(591, 46, 107, '2023-02-03 02:27:51', '2023-02-03 02:27:51'),
(592, 46, 111, '2023-02-03 02:27:51', '2023-02-03 02:27:51'),
(593, 46, 116, '2023-02-03 02:27:51', '2023-02-03 02:27:51'),
(594, 46, 122, '2023-02-03 02:27:51', '2023-02-03 02:27:51'),
(595, 47, 48, '2023-02-03 02:29:34', '2023-02-03 02:29:34'),
(596, 47, 54, '2023-02-03 02:29:34', '2023-02-03 02:29:34'),
(597, 47, 59, '2023-02-03 02:29:34', '2023-02-03 02:29:34'),
(598, 47, 65, '2023-02-03 02:29:34', '2023-02-03 02:29:34'),
(599, 47, 70, '2023-02-03 02:29:34', '2023-02-03 02:29:34'),
(600, 47, 74, '2023-02-03 02:29:34', '2023-02-03 02:29:34'),
(601, 47, 79, '2023-02-03 02:29:34', '2023-02-03 02:29:34'),
(602, 47, 86, '2023-02-03 02:29:34', '2023-02-03 02:29:34'),
(603, 47, 91, '2023-02-03 02:29:34', '2023-02-03 02:29:34'),
(604, 47, 96, '2023-02-03 02:29:34', '2023-02-03 02:29:34'),
(605, 47, 101, '2023-02-03 02:29:34', '2023-02-03 02:29:34'),
(606, 47, 106, '2023-02-03 02:29:34', '2023-02-03 02:29:34'),
(607, 47, 111, '2023-02-03 02:29:34', '2023-02-03 02:29:34'),
(608, 47, 116, '2023-02-03 02:29:34', '2023-02-03 02:29:34'),
(609, 47, 121, '2023-02-03 02:29:34', '2023-02-03 02:29:34'),
(610, 48, 49, '2023-02-03 02:30:38', '2023-02-03 02:30:38'),
(611, 48, 55, '2023-02-03 02:30:38', '2023-02-03 02:30:38'),
(612, 48, 60, '2023-02-03 02:30:38', '2023-02-03 02:30:38'),
(613, 48, 65, '2023-02-03 02:30:38', '2023-02-03 02:30:38'),
(614, 48, 70, '2023-02-03 02:30:38', '2023-02-03 02:30:38'),
(615, 48, 75, '2023-02-03 02:30:38', '2023-02-03 02:30:38'),
(616, 48, 82, '2023-02-03 02:30:38', '2023-02-03 02:30:38'),
(617, 48, 87, '2023-02-03 02:30:38', '2023-02-03 02:30:38'),
(618, 48, 92, '2023-02-03 02:30:38', '2023-02-03 02:30:38'),
(619, 48, 97, '2023-02-03 02:30:38', '2023-02-03 02:30:38'),
(620, 48, 102, '2023-02-03 02:30:38', '2023-02-03 02:30:38'),
(621, 48, 107, '2023-02-03 02:30:38', '2023-02-03 02:30:38'),
(622, 48, 112, '2023-02-03 02:30:38', '2023-02-03 02:30:38'),
(623, 48, 117, '2023-02-03 02:30:38', '2023-02-03 02:30:38'),
(624, 48, 122, '2023-02-03 02:30:38', '2023-02-03 02:30:38'),
(625, 49, 49, '2023-02-03 02:31:43', '2023-02-03 02:31:43'),
(626, 49, 55, '2023-02-03 02:31:43', '2023-02-03 02:31:43'),
(627, 49, 60, '2023-02-03 02:31:43', '2023-02-03 02:31:43'),
(628, 49, 65, '2023-02-03 02:31:43', '2023-02-03 02:31:43'),
(629, 49, 70, '2023-02-03 02:31:43', '2023-02-03 02:31:43'),
(630, 49, 75, '2023-02-03 02:31:43', '2023-02-03 02:31:43'),
(631, 49, 82, '2023-02-03 02:31:43', '2023-02-03 02:31:43'),
(632, 49, 87, '2023-02-03 02:31:43', '2023-02-03 02:31:43'),
(633, 49, 92, '2023-02-03 02:31:43', '2023-02-03 02:31:43'),
(634, 49, 97, '2023-02-03 02:31:43', '2023-02-03 02:31:43'),
(635, 49, 102, '2023-02-03 02:31:43', '2023-02-03 02:31:43'),
(636, 49, 107, '2023-02-03 02:31:43', '2023-02-03 02:31:43'),
(637, 49, 112, '2023-02-03 02:31:43', '2023-02-03 02:31:43'),
(638, 49, 117, '2023-02-03 02:31:43', '2023-02-03 02:31:43'),
(639, 49, 122, '2023-02-03 02:31:43', '2023-02-03 02:31:43'),
(640, 50, 49, '2023-02-03 02:32:41', '2023-02-03 02:32:41'),
(641, 50, 55, '2023-02-03 02:32:41', '2023-02-03 02:32:41'),
(642, 50, 60, '2023-02-03 02:32:41', '2023-02-03 02:32:41'),
(643, 50, 65, '2023-02-03 02:32:41', '2023-02-03 02:32:41'),
(644, 50, 70, '2023-02-03 02:32:41', '2023-02-03 02:32:41'),
(645, 50, 75, '2023-02-03 02:32:41', '2023-02-03 02:32:41'),
(646, 50, 82, '2023-02-03 02:32:41', '2023-02-03 02:32:41'),
(647, 50, 87, '2023-02-03 02:32:41', '2023-02-03 02:32:41'),
(648, 50, 92, '2023-02-03 02:32:41', '2023-02-03 02:32:41'),
(649, 50, 97, '2023-02-03 02:32:41', '2023-02-03 02:32:41'),
(650, 50, 102, '2023-02-03 02:32:41', '2023-02-03 02:32:41'),
(651, 50, 107, '2023-02-03 02:32:41', '2023-02-03 02:32:41'),
(652, 50, 112, '2023-02-03 02:32:41', '2023-02-03 02:32:41'),
(653, 50, 117, '2023-02-03 02:32:41', '2023-02-03 02:32:41'),
(654, 50, 122, '2023-02-03 02:32:41', '2023-02-03 02:32:41'),
(655, 51, 49, '2023-02-03 02:33:35', '2023-02-03 02:33:35'),
(656, 51, 55, '2023-02-03 02:33:35', '2023-02-03 02:33:35'),
(657, 51, 60, '2023-02-03 02:33:35', '2023-02-03 02:33:35'),
(658, 51, 65, '2023-02-03 02:33:35', '2023-02-03 02:33:35'),
(659, 51, 70, '2023-02-03 02:33:35', '2023-02-03 02:33:35'),
(660, 51, 75, '2023-02-03 02:33:35', '2023-02-03 02:33:35'),
(661, 51, 82, '2023-02-03 02:33:35', '2023-02-03 02:33:35'),
(662, 51, 87, '2023-02-03 02:33:35', '2023-02-03 02:33:35'),
(663, 51, 92, '2023-02-03 02:33:35', '2023-02-03 02:33:35'),
(664, 51, 97, '2023-02-03 02:33:35', '2023-02-03 02:33:35'),
(665, 51, 102, '2023-02-03 02:33:35', '2023-02-03 02:33:35'),
(666, 51, 107, '2023-02-03 02:33:35', '2023-02-03 02:33:35'),
(667, 51, 112, '2023-02-03 02:33:35', '2023-02-03 02:33:35'),
(668, 51, 117, '2023-02-03 02:33:35', '2023-02-03 02:33:35'),
(669, 51, 122, '2023-02-03 02:33:35', '2023-02-03 02:33:35'),
(670, 52, 49, '2023-02-03 02:36:30', '2023-02-03 02:36:30'),
(671, 52, 55, '2023-02-03 02:36:30', '2023-02-03 02:36:30'),
(672, 52, 60, '2023-02-03 02:36:30', '2023-02-03 02:36:30'),
(673, 52, 65, '2023-02-03 02:36:30', '2023-02-03 02:36:30'),
(674, 52, 70, '2023-02-03 02:36:30', '2023-02-03 02:36:30'),
(675, 52, 75, '2023-02-03 02:36:30', '2023-02-03 02:36:30'),
(676, 52, 82, '2023-02-03 02:36:30', '2023-02-03 02:36:30'),
(677, 52, 87, '2023-02-03 02:36:30', '2023-02-03 02:36:30'),
(678, 52, 92, '2023-02-03 02:36:30', '2023-02-03 02:36:30'),
(679, 52, 97, '2023-02-03 02:36:30', '2023-02-03 02:36:30'),
(680, 52, 102, '2023-02-03 02:36:30', '2023-02-03 02:36:30'),
(681, 52, 107, '2023-02-03 02:36:30', '2023-02-03 02:36:30'),
(682, 52, 113, '2023-02-03 02:36:30', '2023-02-03 02:36:30'),
(683, 52, 117, '2023-02-03 02:36:30', '2023-02-03 02:36:30'),
(684, 52, 122, '2023-02-03 02:36:30', '2023-02-03 02:36:30'),
(685, 53, 48, '2023-02-03 02:38:03', '2023-02-03 02:38:03'),
(686, 53, 54, '2023-02-03 02:38:03', '2023-02-03 02:38:03'),
(687, 53, 59, '2023-02-03 02:38:03', '2023-02-03 02:38:03'),
(688, 53, 64, '2023-02-03 02:38:03', '2023-02-03 02:38:03'),
(689, 53, 69, '2023-02-03 02:38:03', '2023-02-03 02:38:03'),
(690, 53, 74, '2023-02-03 02:38:03', '2023-02-03 02:38:03'),
(691, 53, 79, '2023-02-03 02:38:03', '2023-02-03 02:38:03'),
(692, 53, 86, '2023-02-03 02:38:03', '2023-02-03 02:38:03'),
(693, 53, 91, '2023-02-03 02:38:03', '2023-02-03 02:38:03'),
(694, 53, 97, '2023-02-03 02:38:03', '2023-02-03 02:38:03'),
(695, 53, 101, '2023-02-03 02:38:03', '2023-02-03 02:38:03'),
(696, 53, 106, '2023-02-03 02:38:03', '2023-02-03 02:38:03'),
(697, 53, 111, '2023-02-03 02:38:03', '2023-02-03 02:38:03'),
(698, 53, 116, '2023-02-03 02:38:03', '2023-02-03 02:38:03'),
(699, 53, 121, '2023-02-03 02:38:03', '2023-02-03 02:38:03'),
(700, 54, 49, '2023-02-03 02:38:59', '2023-02-03 02:38:59'),
(701, 54, 55, '2023-02-03 02:38:59', '2023-02-03 02:38:59'),
(702, 54, 60, '2023-02-03 02:38:59', '2023-02-03 02:38:59'),
(703, 54, 65, '2023-02-03 02:38:59', '2023-02-03 02:38:59'),
(704, 54, 70, '2023-02-03 02:38:59', '2023-02-03 02:38:59'),
(705, 54, 75, '2023-02-03 02:38:59', '2023-02-03 02:38:59'),
(706, 54, 82, '2023-02-03 02:38:59', '2023-02-03 02:38:59'),
(707, 54, 87, '2023-02-03 02:38:59', '2023-02-03 02:38:59'),
(708, 54, 92, '2023-02-03 02:38:59', '2023-02-03 02:38:59'),
(709, 54, 97, '2023-02-03 02:38:59', '2023-02-03 02:38:59'),
(710, 54, 102, '2023-02-03 02:38:59', '2023-02-03 02:38:59'),
(711, 54, 107, '2023-02-03 02:38:59', '2023-02-03 02:38:59'),
(712, 54, 112, '2023-02-03 02:38:59', '2023-02-03 02:38:59'),
(713, 54, 117, '2023-02-03 02:38:59', '2023-02-03 02:38:59'),
(714, 54, 122, '2023-02-03 02:38:59', '2023-02-03 02:38:59'),
(715, 55, 48, '2023-02-03 02:40:32', '2023-02-03 02:40:32'),
(716, 55, 56, '2023-02-03 02:40:32', '2023-02-03 02:40:32'),
(717, 55, 60, '2023-02-03 02:40:32', '2023-02-03 02:40:32'),
(718, 55, 66, '2023-02-03 02:40:32', '2023-02-03 02:40:32'),
(719, 55, 70, '2023-02-03 02:40:32', '2023-02-03 02:40:32'),
(720, 55, 75, '2023-02-03 02:40:32', '2023-02-03 02:40:32'),
(721, 55, 82, '2023-02-03 02:40:32', '2023-02-03 02:40:32'),
(722, 55, 88, '2023-02-03 02:40:32', '2023-02-03 02:40:32'),
(723, 55, 93, '2023-02-03 02:40:32', '2023-02-03 02:40:32'),
(724, 55, 97, '2023-02-03 02:40:32', '2023-02-03 02:40:32'),
(725, 55, 102, '2023-02-03 02:40:32', '2023-02-03 02:40:32'),
(726, 55, 107, '2023-02-03 02:40:32', '2023-02-03 02:40:32'),
(727, 55, 111, '2023-02-03 02:40:32', '2023-02-03 02:40:32'),
(728, 55, 119, '2023-02-03 02:40:32', '2023-02-03 02:40:32'),
(729, 55, 123, '2023-02-03 02:40:32', '2023-02-03 02:40:32'),
(730, 56, 51, '2023-02-03 02:41:51', '2023-02-03 02:41:51'),
(731, 56, 56, '2023-02-03 02:41:51', '2023-02-03 02:41:51'),
(732, 56, 61, '2023-02-03 02:41:51', '2023-02-03 02:41:51'),
(733, 56, 66, '2023-02-03 02:41:51', '2023-02-03 02:41:51'),
(734, 56, 71, '2023-02-03 02:41:51', '2023-02-03 02:41:51'),
(735, 56, 76, '2023-02-03 02:41:51', '2023-02-03 02:41:51'),
(736, 56, 83, '2023-02-03 02:41:51', '2023-02-03 02:41:51'),
(737, 56, 88, '2023-02-03 02:41:51', '2023-02-03 02:41:51'),
(738, 56, 92, '2023-02-03 02:41:51', '2023-02-03 02:41:51'),
(739, 56, 99, '2023-02-03 02:41:51', '2023-02-03 02:41:51'),
(740, 56, 105, '2023-02-03 02:41:51', '2023-02-03 02:41:51'),
(741, 56, 110, '2023-02-03 02:41:51', '2023-02-03 02:41:51'),
(742, 56, 114, '2023-02-03 02:41:51', '2023-02-03 02:41:51'),
(743, 56, 118, '2023-02-03 02:41:51', '2023-02-03 02:41:51'),
(744, 56, 123, '2023-02-03 02:41:51', '2023-02-03 02:41:51'),
(745, 57, 49, '2023-02-03 02:43:21', '2023-02-03 02:43:21'),
(746, 57, 55, '2023-02-03 02:43:21', '2023-02-03 02:43:21'),
(747, 57, 60, '2023-02-03 02:43:21', '2023-02-03 02:43:21'),
(748, 57, 64, '2023-02-03 02:43:21', '2023-02-03 02:43:21'),
(749, 57, 70, '2023-02-03 02:43:21', '2023-02-03 02:43:21'),
(750, 57, 74, '2023-02-03 02:43:21', '2023-02-03 02:43:21'),
(751, 57, 83, '2023-02-03 02:43:21', '2023-02-03 02:43:21'),
(752, 57, 87, '2023-02-03 02:43:21', '2023-02-03 02:43:21'),
(753, 57, 93, '2023-02-03 02:43:21', '2023-02-03 02:43:21'),
(754, 57, 96, '2023-02-03 02:43:21', '2023-02-03 02:43:21'),
(755, 57, 102, '2023-02-03 02:43:21', '2023-02-03 02:43:21'),
(756, 57, 108, '2023-02-03 02:43:21', '2023-02-03 02:43:21'),
(757, 57, 111, '2023-02-03 02:43:21', '2023-02-03 02:43:21'),
(758, 57, 117, '2023-02-03 02:43:21', '2023-02-03 02:43:21'),
(759, 57, 122, '2023-02-03 02:43:21', '2023-02-03 02:43:21'),
(760, 58, 49, '2023-02-03 02:44:29', '2023-02-03 02:44:29'),
(761, 58, 55, '2023-02-03 02:44:29', '2023-02-03 02:44:29'),
(762, 58, 60, '2023-02-03 02:44:29', '2023-02-03 02:44:29'),
(763, 58, 65, '2023-02-03 02:44:29', '2023-02-03 02:44:29'),
(764, 58, 70, '2023-02-03 02:44:29', '2023-02-03 02:44:29'),
(765, 58, 75, '2023-02-03 02:44:29', '2023-02-03 02:44:29'),
(766, 58, 82, '2023-02-03 02:44:29', '2023-02-03 02:44:29'),
(767, 58, 86, '2023-02-03 02:44:29', '2023-02-03 02:44:29'),
(768, 58, 91, '2023-02-03 02:44:29', '2023-02-03 02:44:29'),
(769, 58, 97, '2023-02-03 02:44:29', '2023-02-03 02:44:29'),
(770, 58, 102, '2023-02-03 02:44:29', '2023-02-03 02:44:29'),
(771, 58, 106, '2023-02-03 02:44:29', '2023-02-03 02:44:29'),
(772, 58, 111, '2023-02-03 02:44:29', '2023-02-03 02:44:29'),
(773, 58, 117, '2023-02-03 02:44:29', '2023-02-03 02:44:29'),
(774, 58, 122, '2023-02-03 02:44:29', '2023-02-03 02:44:29'),
(775, 59, 48, '2023-02-03 02:46:01', '2023-02-03 02:46:01'),
(776, 59, 55, '2023-02-03 02:46:01', '2023-02-03 02:46:01'),
(777, 59, 61, '2023-02-03 02:46:01', '2023-02-03 02:46:01'),
(778, 59, 64, '2023-02-03 02:46:01', '2023-02-03 02:46:01'),
(779, 59, 70, '2023-02-03 02:46:01', '2023-02-03 02:46:01'),
(780, 59, 75, '2023-02-03 02:46:01', '2023-02-03 02:46:01'),
(781, 59, 82, '2023-02-03 02:46:01', '2023-02-03 02:46:01'),
(782, 59, 87, '2023-02-03 02:46:01', '2023-02-03 02:46:01'),
(783, 59, 92, '2023-02-03 02:46:01', '2023-02-03 02:46:01'),
(784, 59, 97, '2023-02-03 02:46:01', '2023-02-03 02:46:01'),
(785, 59, 101, '2023-02-03 02:46:01', '2023-02-03 02:46:01'),
(786, 59, 106, '2023-02-03 02:46:01', '2023-02-03 02:46:01'),
(787, 59, 112, '2023-02-03 02:46:01', '2023-02-03 02:46:01'),
(788, 59, 117, '2023-02-03 02:46:01', '2023-02-03 02:46:01'),
(789, 59, 122, '2023-02-03 02:46:01', '2023-02-03 02:46:01'),
(790, 60, 48, '2023-02-03 02:47:13', '2023-02-03 02:47:13'),
(791, 60, 54, '2023-02-03 02:47:13', '2023-02-03 02:47:13'),
(792, 60, 59, '2023-02-03 02:47:13', '2023-02-03 02:47:13'),
(793, 60, 64, '2023-02-03 02:47:13', '2023-02-03 02:47:13'),
(794, 60, 70, '2023-02-03 02:47:13', '2023-02-03 02:47:13'),
(795, 60, 75, '2023-02-03 02:47:13', '2023-02-03 02:47:13'),
(796, 60, 82, '2023-02-03 02:47:13', '2023-02-03 02:47:13'),
(797, 60, 87, '2023-02-03 02:47:13', '2023-02-03 02:47:13'),
(798, 60, 92, '2023-02-03 02:47:13', '2023-02-03 02:47:13'),
(799, 60, 97, '2023-02-03 02:47:13', '2023-02-03 02:47:13'),
(800, 60, 102, '2023-02-03 02:47:13', '2023-02-03 02:47:13'),
(801, 60, 107, '2023-02-03 02:47:13', '2023-02-03 02:47:13'),
(802, 60, 112, '2023-02-03 02:47:13', '2023-02-03 02:47:13'),
(803, 60, 117, '2023-02-03 02:47:13', '2023-02-03 02:47:13'),
(804, 60, 122, '2023-02-03 02:47:13', '2023-02-03 02:47:13'),
(805, 61, 49, '2023-02-03 02:48:20', '2023-02-03 02:48:20'),
(806, 61, 55, '2023-02-03 02:48:20', '2023-02-03 02:48:20'),
(807, 61, 60, '2023-02-03 02:48:20', '2023-02-03 02:48:20'),
(808, 61, 64, '2023-02-03 02:48:20', '2023-02-03 02:48:20'),
(809, 61, 70, '2023-02-03 02:48:20', '2023-02-03 02:48:20'),
(810, 61, 74, '2023-02-03 02:48:20', '2023-02-03 02:48:20'),
(811, 61, 79, '2023-02-03 02:48:20', '2023-02-03 02:48:20'),
(812, 61, 86, '2023-02-03 02:48:20', '2023-02-03 02:48:20'),
(813, 61, 92, '2023-02-03 02:48:20', '2023-02-03 02:48:20'),
(814, 61, 98, '2023-02-03 02:48:20', '2023-02-03 02:48:20'),
(815, 61, 102, '2023-02-03 02:48:20', '2023-02-03 02:48:20'),
(816, 61, 106, '2023-02-03 02:48:20', '2023-02-03 02:48:20'),
(817, 61, 111, '2023-02-03 02:48:20', '2023-02-03 02:48:20'),
(818, 61, 118, '2023-02-03 02:48:20', '2023-02-03 02:48:20'),
(819, 61, 123, '2023-02-03 02:48:20', '2023-02-03 02:48:20'),
(820, 62, 49, '2023-02-03 02:51:22', '2023-02-03 02:51:22'),
(821, 62, 55, '2023-02-03 02:51:22', '2023-02-03 02:51:22'),
(822, 62, 60, '2023-02-03 02:51:22', '2023-02-03 02:51:22'),
(823, 62, 64, '2023-02-03 02:51:22', '2023-02-03 02:51:22'),
(824, 62, 70, '2023-02-03 02:51:22', '2023-02-03 02:51:22'),
(825, 62, 75, '2023-02-03 02:51:22', '2023-02-03 02:51:22'),
(826, 62, 83, '2023-02-03 02:51:22', '2023-02-03 02:51:22'),
(827, 62, 88, '2023-02-03 02:51:22', '2023-02-03 02:51:22'),
(828, 62, 92, '2023-02-03 02:51:22', '2023-02-03 02:51:22'),
(829, 62, 97, '2023-02-03 02:51:22', '2023-02-03 02:51:22'),
(830, 62, 102, '2023-02-03 02:51:22', '2023-02-03 02:51:22'),
(831, 62, 110, '2023-02-03 02:51:22', '2023-02-03 02:51:22'),
(832, 62, 112, '2023-02-03 02:51:22', '2023-02-03 02:51:22'),
(833, 62, 117, '2023-02-03 02:51:22', '2023-02-03 02:51:22'),
(834, 62, 122, '2023-02-03 02:51:22', '2023-02-03 02:51:22'),
(835, 63, 49, '2023-02-03 02:52:25', '2023-02-03 02:52:25'),
(836, 63, 55, '2023-02-03 02:52:25', '2023-02-03 02:52:25'),
(837, 63, 60, '2023-02-03 02:52:25', '2023-02-03 02:52:25'),
(838, 63, 65, '2023-02-03 02:52:25', '2023-02-03 02:52:25'),
(839, 63, 70, '2023-02-03 02:52:25', '2023-02-03 02:52:25'),
(840, 63, 75, '2023-02-03 02:52:25', '2023-02-03 02:52:25'),
(841, 63, 82, '2023-02-03 02:52:25', '2023-02-03 02:52:25'),
(842, 63, 87, '2023-02-03 02:52:25', '2023-02-03 02:52:25'),
(843, 63, 92, '2023-02-03 02:52:25', '2023-02-03 02:52:25'),
(844, 63, 97, '2023-02-03 02:52:25', '2023-02-03 02:52:25'),
(845, 63, 102, '2023-02-03 02:52:25', '2023-02-03 02:52:25'),
(846, 63, 107, '2023-02-03 02:52:25', '2023-02-03 02:52:25'),
(847, 63, 112, '2023-02-03 02:52:25', '2023-02-03 02:52:25'),
(848, 63, 117, '2023-02-03 02:52:25', '2023-02-03 02:52:25'),
(849, 63, 122, '2023-02-03 02:52:25', '2023-02-03 02:52:25'),
(865, 65, 48, '2023-02-09 07:06:03', '2023-02-09 07:06:03'),
(866, 65, 55, '2023-02-09 07:06:03', '2023-02-09 07:06:03'),
(867, 65, 61, '2023-02-09 07:06:03', '2023-02-09 07:06:03'),
(868, 65, 67, '2023-02-09 07:06:03', '2023-02-09 07:06:03'),
(869, 65, 69, '2023-02-09 07:06:03', '2023-02-09 07:06:03'),
(870, 65, 76, '2023-02-09 07:06:03', '2023-02-09 07:06:03'),
(871, 65, 82, '2023-02-09 07:06:03', '2023-02-09 07:06:03'),
(872, 65, 89, '2023-02-09 07:06:03', '2023-02-09 07:06:03'),
(873, 65, 95, '2023-02-09 07:06:03', '2023-02-09 07:06:03'),
(874, 65, 96, '2023-02-09 07:06:03', '2023-02-09 07:06:03'),
(875, 65, 105, '2023-02-09 07:06:03', '2023-02-09 07:06:03'),
(876, 65, 108, '2023-02-09 07:06:03', '2023-02-09 07:06:03'),
(877, 65, 111, '2023-02-09 07:06:03', '2023-02-09 07:06:03'),
(878, 65, 120, '2023-02-09 07:06:03', '2023-02-09 07:06:03'),
(879, 65, 122, '2023-02-09 07:06:03', '2023-02-09 07:06:03');

-- --------------------------------------------------------

--
-- Table structure for table `users`
--

CREATE TABLE `users` (
  `id` int(11) NOT NULL,
  `nama` varchar(100) NOT NULL,
  `email` varchar(100) NOT NULL,
  `password` varchar(255) NOT NULL,
  `role_id` int(11) NOT NULL,
  `created_at` timestamp NULL DEFAULT NULL,
  `updated_at` timestamp NULL DEFAULT NULL
) ENGINE=InnoDB DEFAULT CHARSET=utf8mb4;

--
-- Dumping data for table `users`
--

INSERT INTO `users` (`id`, `nama`, `email`, `password`, `role_id`, `created_at`, `updated_at`) VALUES
(1, 'Administrator', 'admin@gmail.com', '202cb962ac59075b964b07152d234b70', 1, '2023-01-11 08:10:21', '2023-01-30 08:04:57');

--
-- Indexes for dumped tables
--

--
-- Indexes for table `jawaban`
--
ALTER TABLE `jawaban`
  ADD PRIMARY KEY (`id`);

--
-- Indexes for table `kategori`
--
ALTER TABLE `kategori`
  ADD PRIMARY KEY (`id`);

--
-- Indexes for table `pengunjung`
--
ALTER TABLE `pengunjung`
  ADD PRIMARY KEY (`id`);

--
-- Indexes for table `perhitungan`
--
ALTER TABLE `perhitungan`
  ADD PRIMARY KEY (`id`);

--
-- Indexes for table `pertanyaan`
--
ALTER TABLE `pertanyaan`
  ADD PRIMARY KEY (`id`);

--
-- Indexes for table `role`
--
ALTER TABLE `role`
  ADD PRIMARY KEY (`id`);

--
-- Indexes for table `survey`
--
ALTER TABLE `survey`
  ADD PRIMARY KEY (`id`);

--
-- Indexes for table `users`
--
ALTER TABLE `users`
  ADD PRIMARY KEY (`id`);

--
-- AUTO_INCREMENT for dumped tables
--

--
-- AUTO_INCREMENT for table `jawaban`
--
ALTER TABLE `jawaban`
  MODIFY `id` int(11) NOT NULL AUTO_INCREMENT, AUTO_INCREMENT=133;

--
-- AUTO_INCREMENT for table `kategori`
--
ALTER TABLE `kategori`
  MODIFY `id` int(11) NOT NULL AUTO_INCREMENT, AUTO_INCREMENT=7;

--
-- AUTO_INCREMENT for table `pengunjung`
--
ALTER TABLE `pengunjung`
  MODIFY `id` int(11) NOT NULL AUTO_INCREMENT, AUTO_INCREMENT=66;

--
-- AUTO_INCREMENT for table `perhitungan`
--
ALTER TABLE `perhitungan`
  MODIFY `id` int(11) NOT NULL AUTO_INCREMENT, AUTO_INCREMENT=23;

--
-- AUTO_INCREMENT for table `pertanyaan`
--
ALTER TABLE `pertanyaan`
  MODIFY `id` int(11) NOT NULL AUTO_INCREMENT, AUTO_INCREMENT=36;

--
-- AUTO_INCREMENT for table `role`
--
ALTER TABLE `role`
  MODIFY `id` int(11) NOT NULL AUTO_INCREMENT, AUTO_INCREMENT=2;

--
-- AUTO_INCREMENT for table `survey`
--
ALTER TABLE `survey`
  MODIFY `id` int(11) NOT NULL AUTO_INCREMENT, AUTO_INCREMENT=880;

--
-- AUTO_INCREMENT for table `users`
--
ALTER TABLE `users`
  MODIFY `id` int(11) NOT NULL AUTO_INCREMENT, AUTO_INCREMENT=2;
COMMIT;

/*!40101 SET CHARACTER_SET_CLIENT=@OLD_CHARACTER_SET_CLIENT */;
/*!40101 SET CHARACTER_SET_RESULTS=@OLD_CHARACTER_SET_RESULTS */;
/*!40101 SET COLLATION_CONNECTION=@OLD_COLLATION_CONNECTION */;
